{
    "2021-10-18": [
        ["Morning Meeting w/ Team", "Work"],
        ["Retrospective w/ Team", "Work"]
    ],
    "2021-10-19": [
        ["Morning Meeting w/ Team", "Work"],
        ["Lunch Meeting w/ Mark", "Other"],
        ["Dinner at home", "Family"]
    ],
    "2021-10-20": [
        ["Team Building w/ Team", "Work"]
    ],
    "2021-11-1": [
        ["Dota 2 w/ Team", "Other"],
        ["Cs-go w/ Mark", "Other"],
        ["STALCRAFT", "Other"]

    ],
    "2021-12-12": [
        ["Dantist", "Other"],
        ["Party", "Other"],
        ["Meet with Sergey", "Family"]
    ]
}